0,admin,123,ad,2023-10-10 14:13,/images/default-profile.png,admin
1,best,123,BestTo,2023-10-09 18:44,/images/default-profile.png,user
2,win,123,WinnieThePooh,2023-10-09 18:44,/images/default-profile.png,user
3,ai,123,AiAye,2023-10-10 21:20,images/account_AiAye_image.png,user
4,jim,123,JimZaKung,2023-10-11 00:31,images/account_JimZaKung_image.gif,user
5,testjoin,123,join,2023-10-09 18:45,/images/default-profile.png,user
6,testcreate,123,testcreate,2023-10-09 18:45,/images/default-profile.png,user
7,check1,123,join event check,2023-10-09 18:45,/images/default-profile.png,user
8,jt1,123,joinTeam,2023-10-10 17:28,/images/default-profile.png,user
9,jt2,123,join Team 2,2023-10-09 19:02,/images/default-profile.png,user
10,jp1,123,join participant 1,2023-10-09 18:46,/images/default-profile.png,user
11,bk1,123,book tic 1,2023-10-09 18:46,/images/default-profile.png,user
12,bk2,123,book 2,2023-10-09 18:46,/images/default-profile.png,user
13,jp3,123,join parti,2023-10-09 18:47,/images/default-profile.png,user
14,create,123,test create,2023-10-10 13:50,/images/default-profile.png,user
15,ctt1,123,create team that have parti,2023-10-09 19:02,/images/default-profile.png,user
16,tjt1,123,test join that have activity,2023-10-10 22:25,/images/default-profile.png,user
17,tj1,123,test join,2023-10-09 19:02,/images/default-profile.png,user
18,tr1,123,test register,2023-10-09 18:50,/images/default-profile.png,user
19,je1,123,join event,2023-10-10 17:32,/images/default-profile.png,user
20,je2,123,join event 2,2023-10-09 19:00,/images/default-profile.png,user
21,je3,123,join event 3,2023-10-09 19:01,/images/default-profile.png,user
22,je4,123,join event 4,2023-10-10 17:32,/images/default-profile.png,user
23,tj0l,123,test join team that have 0 left,2023-10-10 21:59,/images/default-profile.png,user
